{
  "schemaVersion": 1,
  "id": "terraform-wood-api-v1",
  "name": "Terraform Wood API (v1)",
  "version": "$version",
  "environment": "*",
  "entrypoints": {
    "main": [
      "com.terraformersmc.terraform.boat.impl.TerraformBoatInitializer"
    ],
    "client": [
      "com.terraformersmc.terraform.boat.impl.client.TerraformBoatClientInitializer"
    ]
  },
  "license": "LGPL-3.0-only",
  "icon": "assets/terraform-wood-api-v1/icon.png",
  "contact": {
    "homepage": "https://github.com/TerraformersMC/Terraform",
    "issues": "https://github.com/TerraformersMC/Terraform/issues"
  },
  "depends": {
    "fabric-content-registries-v0": "*",
    "fabric-networking-api-v1": "*",
    "fabric-object-builder-api-v1": "*",
    "fabric-registry-sync-v0": "*",
    "fabric-rendering-v1": "*",
    "fabric-resource-loader-v0": "*"
  },
  "authors": [
    "Prospector",
    "coderbot16",
    "TerraformersMC"
  ],
  "contributors": [
    "SuperCoder79",
    "NeusFear",
    "Vaerian",
    "NebelNidas",
    "gniftygnome"
  ],
  "description": "Adds an API for adding custom wood types",
  "custom": {
    "modmenu:api": true,
    "modmenu": {
      "parent": {
        "id": "terraform-api",
        "name": "Terraform API",
        "description": "Modular core library that expands on the hooks that Fabric API provides",
        "icon": "assets/terraform-wood-api-v1/icon.png",
        "badges": [
          "library"
        ]
      },
      "badges": [
        "library"
      ],
      "links": {
        "modmenu.discord": "https://discord.gg/jEGF5fb"
      }
    }
  },
  "mixins": [
    "mixins.terraform-boats.json",
    "mixins.terraform-leaves.json",
    "mixins.terraform-signs.json",
    "mixins.terraform-wood.json"
  ]
}
