{
	"elements": [
		{
			"from": [4, 12, 3],
			"to": [13, 13, 4],
			"faces": {
				"north": {"uv": [3, 3, 4, 12], "texture": "#side", "rotation": 90}
			}
		},
		{
			"from": [5, 11, 3],
			"to": [12, 12, 12],
			"faces": {
				"north": {"uv": [4, 4, 5, 11], "texture": "#side", "rotation": 90}
			}
		},
		{
			"from": [6, 10, 3],
			"to": [11, 11, 12],
			"faces": {
				"north": {"uv": [5, 5, 6, 10], "texture": "#side", "rotation": 90}
			}
		},
		{
			"from": [7, 9, 3],
			"to": [10, 10, 12],
			"faces": {
				"north": {"uv": [6, 7, 7, 10], "texture": "#side", "rotation": 90}
			}
		},
		{
			"from": [8, 8, 3],
			"to": [9, 9, 12],
			"faces": {
				"north": {"uv": [7, 8, 8, 9], "texture": "#side", "rotation": 90}
			}
		},
		{
			"from": [3, 12, 4],
			"to": [12, 13, 13],
			"faces": {
				"south": {"uv": [4, 4, 5, 13], "texture": "#side", "rotation": 90}
			}
		},
		{
			"from": [4, 11, 4],
			"to": [11, 12, 13],
			"faces": {
				"south": {"uv": [5, 5, 6, 12], "texture": "#side", "rotation": 90}
			}
		},
		{
			"from": [5, 10, 4],
			"to": [10, 11, 13],
			"faces": {
				"south": {"uv": [6, 6, 7, 11], "texture": "#side", "rotation": 90}
			}
		},
		{
			"from": [6, 9, 4],
			"to": [9, 10, 13],
			"faces": {
				"south": {"uv": [7, 7, 8, 10], "texture": "#side", "rotation": 90}
			}
		},
		{
			"from": [7, 8, 4],
			"to": [8, 9, 13],
			"faces": {
				"south": {"uv": [8, 8, 9, 9], "texture": "#side", "rotation": 90}
			}
		},
		{
			"from": [3, 12, 3],
			"to": [12, 13, 12],
			"faces": {
				"west": {"uv": [4, 4, 5, 13], "texture": "#side", "rotation": 90}
			}
		},
		{
			"from": [3, 11, 4],
			"to": [12, 12, 11],
			"faces": {
				"west": {"uv": [5, 5, 6, 12], "texture": "#side", "rotation": 90}
			}
		},
		{
			"from": [3, 10, 5],
			"to": [12, 11, 10],
			"faces": {
				"west": {"uv": [6, 6, 7, 11], "texture": "#side", "rotation": 90}
			}
		},
		{
			"from": [3, 9, 6],
			"to": [12, 10, 9],
			"faces": {
				"west": {"uv": [7, 7, 8, 10], "texture": "#side", "rotation": 90}
			}
		},
		{
			"from": [3, 8, 7],
			"to": [12, 9, 8],
			"faces": {
				"west": {"uv": [8, 8, 9, 9], "texture": "#side", "rotation": 90}
			}
		},
		{
			"from": [4, 12, 4],
			"to": [13, 13, 13],
			"faces": {
				"east": {"uv": [4, 4, 5, 13], "texture": "#side", "rotation": 90}
			}
		},
		{
			"from": [4, 11, 5],
			"to": [13, 12, 12],
			"faces": {
				"east": {"uv": [5, 5, 6, 12], "texture": "#side", "rotation": 90}
			}
		},
		{
			"from": [4, 10, 6],
			"to": [13, 11, 11],
			"faces": {
				"east": {"uv": [6, 6, 7, 11], "texture": "#side", "rotation": 90}
			}
		},
		{
			"from": [4, 9, 7],
			"to": [13, 10, 10],
			"faces": {
				"east": {"uv": [7, 7, 8, 10], "texture": "#side", "rotation": 90}
			}
		},
		{
			"from": [4, 8, 8],
			"to": [13, 9, 9],
			"faces": {
				"east": {"uv": [8, 8, 9, 9], "texture": "#side", "rotation": 90}
			}
		}
	]
}